run_id,split,route,direction,reversal,temperature_c,load_fraction
train-r1-n-same-000,train,1,-1,0,20.0,0.0
train-r1-n-same-001,train,1,-1,0,20.0,1.0
train-r1-n-same-002,train,1,-1,0,70.0,0.0
train-r1-n-same-003,train,1,-1,0,70.0,1.0
train-r1-n-same-004,train,1,-1,0,47.26349784822928,0.5077261931416466
train-r1-n-same-005,train,1,-1,0,63.84290346449581,0.43267071817876257
train-r1-n-same-006,train,1,-1,0,53.02958167112464,0.1813360685414006
train-r1-n-same-007,train,1,-1,0,60.83300574009875,0.7481504721565535
train-r1-n-same-008,train,1,-1,0,67.81723674812517,0.24963254111837807
train-r1-n-same-009,train,1,-1,0,61.40558457156162,0.9324719675918087
train-r1-n-same-010,train,1,-1,0,36.509545966386625,0.03783168946644078
train-r1-n-same-011,train,1,-1,0,60.00193141879072,0.15581414220318868
train-r1-n-same-012,train,1,-1,0,67.19998423070496,0.6067762042168706
train-r1-n-same-013,train,1,-1,0,66.41815026951116,0.43940433629395603
train-r1-n-same-014,train,1,-1,0,37.003761767772644,0.9680216791439146
train-r1-n-same-015,train,1,-1,0,20.517107949117584,0.09348776900875955
train-r1-n-same-016,train,1,-1,0,52.22281219279848,0.6885801114577047
train-r1-n-same-017,train,1,-1,0,51.48487939557033,0.04719843792450329
train-r1-n-same-018,train,1,-1,0,36.16290619959386,0.009321518673244489
train-r1-n-same-019,train,1,-1,0,36.46447619416728,0.05935650660777214
train-r1-n-rev-000,train,1,-1,1,20.0,0.0
train-r1-n-rev-001,train,1,-1,1,20.0,1.0
train-r1-n-rev-002,train,1,-1,1,70.0,0.0
train-r1-n-rev-003,train,1,-1,1,70.0,1.0
train-r1-n-rev-004,train,1,-1,1,35.794653643237325,0.7064515168207317
train-r1-n-rev-005,train,1,-1,1,45.15524624599134,0.7308803057708302
train-r1-n-rev-006,train,1,-1,1,60.36418731902977,0.6843318832848565
train-r1-n-rev-007,train,1,-1,1,40.19959061609668,0.9087026108023735
train-r1-n-rev-008,train,1,-1,1,49.94439944935496,0.898936655432711
train-r1-n-rev-009,train,1,-1,1,23.36658851859474,0.11237680125350147
train-r1-n-rev-010,train,1,-1,1,23.87694509715759,0.660471282292016
train-r1-n-rev-011,train,1,-1,1,52.605256421546244,0.817462262957966
train-r1-n-rev-012,train,1,-1,1,21.847723879973678,0.35037760922979233
train-r1-n-rev-013,train,1,-1,1,59.34864338923168,0.7475556534534524
train-r1-n-rev-014,train,1,-1,1,69.94493833210146,0.6192083613593441
train-r1-n-rev-015,train,1,-1,1,34.51057086570048,0.49371146650478503
train-r1-n-rev-016,train,1,-1,1,48.62334368565406,0.351899154257888
train-r1-n-rev-017,train,1,-1,1,27.772234230805413,0.8412977870979632
train-r1-n-rev-018,train,1,-1,1,68.00383354763109,0.43269923301112245
train-r1-n-rev-019,train,1,-1,1,52.07515478534111,0.6817282091739076
train-r1-p-same-000,train,1,1,0,20.0,0.0
train-r1-p-same-001,train,1,1,0,20.0,1.0
train-r1-p-same-002,train,1,1,0,70.0,0.0
train-r1-p-same-003,train,1,1,0,70.0,1.0
train-r1-p-same-004,train,1,1,0,43.66484481691346,0.485129714763596
train-r1-p-same-005,train,1,1,0,52.5490175038146,0.5577060830795029
train-r1-p-same-006,train,1,1,0,29.7294802517643,0.36259064477116354
train-r1-p-same-007,train,1,1,0,69.71686959139483,0.6246420843201659
train-r1-p-same-008,train,1,1,0,69.51516660413046,0.4093453644720063
train-r1-p-same-009,train,1,1,0,46.74230364964102,0.1548263947936801
train-r1-p-same-010,train,1,1,0,65.95760968383497,0.344054724722768
train-r1-p-same-011,train,1,1,0,48.787328670353006,0.27610109451765874
train-r1-p-same-012,train,1,1,0,68.04646835058398,0.5080580472309565
train-r1-p-same-013,train,1,1,0,68.39895700173018,0.585824881229372
train-r1-p-same-014,train,1,1,0,57.54266379885864,0.8584944812358087
train-r1-p-same-015,train,1,1,0,28.287731471275233,0.9705988526255487
train-r1-p-same-016,train,1,1,0,58.23001619954107,0.8251014864759969
train-r1-p-same-017,train,1,1,0,57.571656218471475,0.7054060729967944
train-r1-p-same-018,train,1,1,0,41.742668825324216,0.8749628691008485
train-r1-p-same-019,train,1,1,0,56.05883451813654,0.02843722723935982
train-r1-p-rev-000,train,1,1,1,20.0,0.0
train-r1-p-rev-001,train,1,1,1,20.0,1.0
train-r1-p-rev-002,train,1,1,1,70.0,0.0
train-r1-p-rev-003,train,1,1,1,70.0,1.0
train-r1-p-rev-004,train,1,1,1,47.37697120317297,0.21093883519149859
train-r1-p-rev-005,train,1,1,1,40.837215866306614,0.865534623681539
train-r1-p-rev-006,train,1,1,1,50.48277796277661,0.8717742343455173
train-r1-p-rev-007,train,1,1,1,59.61003479292981,0.49442379605071995
train-r1-p-rev-008,train,1,1,1,46.247793229100765,0.3110735457151109
train-r1-p-rev-009,train,1,1,1,56.22888005884191,0.4601735823792642
train-r1-p-rev-010,train,1,1,1,54.678790807457396,0.8161971175364525
train-r1-p-rev-011,train,1,1,1,49.59853137099084,0.9853799040163509
train-r1-p-rev-012,train,1,1,1,44.68103994227834,0.13251170232668374
train-r1-p-rev-013,train,1,1,1,32.97790219459954,0.5258458413352148
train-r1-p-rev-014,train,1,1,1,63.78901378656465,0.127478673248285
train-r1-p-rev-015,train,1,1,1,38.40320819806588,0.07315777128792067
train-r1-p-rev-016,train,1,1,1,50.12127915627978,0.5238136968288993
train-r1-p-rev-017,train,1,1,1,61.698516851651284,0.2576751844448544
train-r1-p-rev-018,train,1,1,1,20.48054981248488,0.8489340122969161
train-r1-p-rev-019,train,1,1,1,52.386659651613584,0.4852158238137382
train-r2-n-same-000,train,2,-1,0,20.0,0.0
train-r2-n-same-001,train,2,-1,0,20.0,1.0
train-r2-n-same-002,train,2,-1,0,70.0,0.0
train-r2-n-same-003,train,2,-1,0,70.0,1.0
train-r2-n-same-004,train,2,-1,0,34.81855213511544,0.90145315962725
train-r2-n-same-005,train,2,-1,0,49.352328951389374,0.46294750031686027
train-r2-n-same-006,train,2,-1,0,45.62315209749584,0.41999910741785207
train-r2-n-same-007,train,2,-1,0,41.93819305824246,0.05093536298487311
train-r2-n-same-008,train,2,-1,0,47.38263040863316,0.5650317366870591
train-r2-n-same-009,train,2,-1,0,55.19921270374288,0.7458584305173677
train-r2-n-same-010,train,2,-1,0,43.882853613573786,0.3346693913815918
train-r2-n-same-011,train,2,-1,0,45.8723329391242,0.492424399890817
train-r2-n-same-012,train,2,-1,0,42.67120207744893,0.1246713787579784
train-r2-n-same-013,train,2,-1,0,43.068476679629065,0.05899502416644675
train-r2-n-same-014,train,2,-1,0,33.003351260799874,0.41397503778249733
train-r2-n-same-015,train,2,-1,0,42.41011025507077,0.9570595552796363
train-r2-n-same-016,train,2,-1,0,32.152459717343476,0.769692973109638
train-r2-n-same-017,train,2,-1,0,67.226973293312,0.7469193806698341
train-r2-n-same-018,train,2,-1,0,44.75176009017341,0.9401503832450854
train-r2-n-same-019,train,2,-1,0,46.36635236239702,0.7965635603671931
train-r2-n-rev-000,train,2,-1,1,20.0,0.0
train-r2-n-rev-001,train,2,-1,1,20.0,1.0
train-r2-n-rev-002,train,2,-1,1,70.0,0.0
train-r2-n-rev-003,train,2,-1,1,70.0,1.0
train-r2-n-rev-004,train,2,-1,1,53.00926207943711,0.7254144450911246
train-r2-n-rev-005,train,2,-1,1,22.045724067286542,0.19645328949345664
train-r2-n-rev-006,train,2,-1,1,60.1806012926193,0.9804279736065498
train-r2-n-rev-007,train,2,-1,1,28.720352808984206,0.1765825757635826
train-r2-n-rev-008,train,2,-1,1,42.657709888840415,0.05805706260154342
train-r2-n-rev-009,train,2,-1,1,47.286000915306204,0.8120465654120133
train-r2-n-rev-010,train,2,-1,1,27.004566799983653,0.14889470280331962
train-r2-n-rev-011,train,2,-1,1,41.30050016210662,0.42209950698876864
train-r2-n-rev-012,train,2,-1,1,27.140765080259655,0.1175953486892094
train-r2-n-rev-013,train,2,-1,1,58.133302622106704,0.5318679945831182
train-r2-n-rev-014,train,2,-1,1,50.96243359521936,0.3238366649733778
train-r2-n-rev-015,train,2,-1,1,26.000378796321314,0.6473856246581738
train-r2-n-rev-016,train,2,-1,1,50.90605449967617,0.9361806006686875
train-r2-n-rev-017,train,2,-1,1,22.256134052503196,0.347295962938021
train-r2-n-rev-018,train,2,-1,1,65.67777696318558,0.4084084825311888
train-r2-n-rev-019,train,2,-1,1,36.495189704457445,0.6844099665196286
train-r2-p-same-000,train,2,1,0,20.0,0.0
train-r2-p-same-001,train,2,1,0,20.0,1.0
train-r2-p-same-002,train,2,1,0,70.0,0.0
train-r2-p-same-003,train,2,1,0,70.0,1.0
train-r2-p-same-004,train,2,1,0,62.480060999192375,0.06978236416767813
train-r2-p-same-005,train,2,1,0,32.874876064202454,0.4145385705643262
train-r2-p-same-006,train,2,1,0,57.29128440771545,0.7671798142841642
train-r2-p-same-007,train,2,1,0,52.85545004728574,0.22730413490069235
train-r2-p-same-008,train,2,1,0,55.95664437839059,0.21397377767467918
train-r2-p-same-009,train,2,1,0,41.27079330406191,0.16773882530442963
train-r2-p-same-010,train,2,1,0,36.261763528849556,0.2701147134373678
train-r2-p-same-011,train,2,1,0,36.961990909670554,0.23228776760063563
train-r2-p-same-012,train,2,1,0,30.324925407200332,0.6257766686340819
train-r2-p-same-013,train,2,1,0,48.33032590077828,0.9807349101262318
train-r2-p-same-014,train,2,1,0,26.31834997985154,0.7329274799571384
train-r2-p-same-015,train,2,1,0,43.92755641012242,0.7554272783007446
train-r2-p-same-016,train,2,1,0,59.20311589937485,0.5696735777366522
train-r2-p-same-017,train,2,1,0,41.58209601451566,0.4946306150032599
train-r2-p-same-018,train,2,1,0,57.081389890955684,0.6635752367225138
train-r2-p-same-019,train,2,1,0,53.968035963077035,0.16279988773853038
train-r2-p-rev-000,train,2,1,1,20.0,0.0
train-r2-p-rev-001,train,2,1,1,20.0,1.0
train-r2-p-rev-002,train,2,1,1,70.0,0.0
train-r2-p-rev-003,train,2,1,1,70.0,1.0
train-r2-p-rev-004,train,2,1,1,57.18211368833381,0.5118039013932061
train-r2-p-rev-005,train,2,1,1,61.879324972672954,0.9807538541819233
train-r2-p-rev-006,train,2,1,1,44.20721631587122,0.32935754439703824
train-r2-p-rev-007,train,2,1,1,62.3356066354228,0.9790848413589089
train-r2-p-rev-008,train,2,1,1,59.71419332981317,0.18655936750384472
train-r2-p-rev-009,train,2,1,1,66.05269622669958,0.03617852283502132
train-r2-p-rev-010,train,2,1,1,37.13312393578482,0.550076765631572
train-r2-p-rev-011,train,2,1,1,22.886218968437664,0.8336631294627158
train-r2-p-rev-012,train,2,1,1,43.18586600291835,0.24399767005572404
train-r2-p-rev-013,train,2,1,1,52.477824900995394,0.2966861540229586
train-r2-p-rev-014,train,2,1,1,43.13135684471397,0.257541856301583
train-r2-p-rev-015,train,2,1,1,63.033346966395584,0.028334923309453863
train-r2-p-rev-016,train,2,1,1,40.87163238933927,0.8517719692349324
train-r2-p-rev-017,train,2,1,1,52.2120697832166,0.9530872253457016
train-r2-p-rev-018,train,2,1,1,35.99911921781544,0.8032253501008455
train-r2-p-rev-019,train,2,1,1,62.25919379974455,0.3466719227049634
train-r3-n-same-000,train,3,-1,0,20.0,0.0
train-r3-n-same-001,train,3,-1,0,20.0,1.0
train-r3-n-same-002,train,3,-1,0,70.0,0.0
train-r3-n-same-003,train,3,-1,0,70.0,1.0
train-r3-n-same-004,train,3,-1,0,44.6402402788861,0.41196081017973674
train-r3-n-same-005,train,3,-1,0,66.88742839239751,0.5021371282325409
train-r3-n-same-006,train,3,-1,0,32.175091211414305,0.7130644939412676
train-r3-n-same-007,train,3,-1,0,56.390898990269136,0.5728282929451307
train-r3-n-same-008,train,3,-1,0,59.99343129641558,0.5168655680272806
train-r3-n-same-009,train,3,-1,0,32.951172636877565,0.20769065810767362
train-r3-n-same-010,train,3,-1,0,41.06492186672703,0.18425683714901975
train-r3-n-same-011,train,3,-1,0,21.969502121644933,0.3048926588021078
train-r3-n-same-012,train,3,-1,0,50.92997578921753,0.25654430030015407
train-r3-n-same-013,train,3,-1,0,34.357231359028034,0.9532209536634757
train-r3-n-same-014,train,3,-1,0,39.842452780926926,0.8820951200304579
train-r3-n-same-015,train,3,-1,0,54.40867971393589,0.6727959045025909
train-r3-n-same-016,train,3,-1,0,20.44046565866726,0.7785358817832434
train-r3-n-same-017,train,3,-1,0,62.5754627090926,0.7245749148426217
train-r3-n-same-018,train,3,-1,0,42.97611731463448,0.35484668669427333
train-r3-n-same-019,train,3,-1,0,52.59657767492829,0.31234918166240144
train-r3-n-rev-000,train,3,-1,1,20.0,0.0
train-r3-n-rev-001,train,3,-1,1,20.0,1.0
train-r3-n-rev-002,train,3,-1,1,70.0,0.0
train-r3-n-rev-003,train,3,-1,1,70.0,1.0
train-r3-n-rev-004,train,3,-1,1,47.777996634656944,0.05620374011158502
train-r3-n-rev-005,train,3,-1,1,38.205640670830405,0.23706242075043205
train-r3-n-rev-006,train,3,-1,1,62.00712499833426,0.5188873646835441
train-r3-n-rev-007,train,3,-1,1,44.02079646812793,0.2719995079524701
train-r3-n-rev-008,train,3,-1,1,31.382623318779434,0.94335150535153
train-r3-n-rev-009,train,3,-1,1,57.336829833207915,0.13133390833255687
train-r3-n-rev-010,train,3,-1,1,41.14881992394202,0.13420007674014123
train-r3-n-rev-011,train,3,-1,1,42.50629971051686,0.3122250120982375
train-r3-n-rev-012,train,3,-1,1,41.85663329958683,0.19940913507459168
train-r3-n-rev-013,train,3,-1,1,38.50538678555829,0.9998884787635463
train-r3-n-rev-014,train,3,-1,1,35.47777667999672,0.5222970903016689
train-r3-n-rev-015,train,3,-1,1,57.98750260029005,0.08265693635939986
train-r3-n-rev-016,train,3,-1,1,62.42330653019493,0.5241274400952449
train-r3-n-rev-017,train,3,-1,1,54.52679569577485,0.4496191523645724
train-r3-n-rev-018,train,3,-1,1,43.484646840677705,0.34302235791634283
train-r3-n-rev-019,train,3,-1,1,27.40350631379851,0.5101011777636206
train-r3-p-same-000,train,3,1,0,20.0,0.0
train-r3-p-same-001,train,3,1,0,20.0,1.0
train-r3-p-same-002,train,3,1,0,70.0,0.0
train-r3-p-same-003,train,3,1,0,70.0,1.0
train-r3-p-same-004,train,3,1,0,47.315812541842256,0.5907723182174882
train-r3-p-same-005,train,3,1,0,29.720376874987785,0.34865133760681755
train-r3-p-same-006,train,3,1,0,43.99636335613032,0.43503734754981893
train-r3-p-same-007,train,3,1,0,59.41516967673041,0.8288608648800376
train-r3-p-same-008,train,3,1,0,59.27937433299312,0.5117964318600412
train-r3-p-same-009,train,3,1,0,23.15773617191337,0.3459761327421924
train-r3-p-same-010,train,3,1,0,58.850314104143884,0.17655523322562017
train-r3-p-same-011,train,3,1,0,43.12272026217464,0.20226628597404195
train-r3-p-same-012,train,3,1,0,28.337543697828675,0.13603594192295076
train-r3-p-same-013,train,3,1,0,22.235209434259993,0.5298069715817842
train-r3-p-same-014,train,3,1,0,21.7641052229433,0.7903581807913574
train-r3-p-same-015,train,3,1,0,50.25126222127251,0.8430383259865041
train-r3-p-same-016,train,3,1,0,50.61448451900624,0.45615397516174305
train-r3-p-same-017,train,3,1,0,27.850321193089005,0.3609648959927175
train-r3-p-same-018,train,3,1,0,23.466739925168238,0.8602241468046823
train-r3-p-same-019,train,3,1,0,41.12762897938907,0.5985770119644039
train-r3-p-rev-000,train,3,1,1,20.0,0.0
train-r3-p-rev-001,train,3,1,1,20.0,1.0
train-r3-p-rev-002,train,3,1,1,70.0,0.0
train-r3-p-rev-003,train,3,1,1,70.0,1.0
train-r3-p-rev-004,train,3,1,1,36.807074267566314,0.26241764726642147
train-r3-p-rev-005,train,3,1,1,65.37979721304578,0.5410801228375804
train-r3-p-rev-006,train,3,1,1,65.76294637982843,0.7680001499683325
train-r3-p-rev-007,train,3,1,1,52.92552650178166,0.961911041228852
train-r3-p-rev-008,train,3,1,1,30.416291333394867,0.14353550742435295
train-r3-p-rev-009,train,3,1,1,41.0536980447491,0.583038385843226
train-r3-p-rev-010,train,3,1,1,65.58495828392176,0.5739996983740833
train-r3-p-rev-011,train,3,1,1,26.60182069809439,0.7269295577725331
train-r3-p-rev-012,train,3,1,1,28.589525648760528,0.8340670068075201
train-r3-p-rev-013,train,3,1,1,30.968794886401824,0.4253184419981162
train-r3-p-rev-014,train,3,1,1,60.17388273377128,0.8515031283914634
train-r3-p-rev-015,train,3,1,1,51.97987950321727,0.9922219461264419
train-r3-p-rev-016,train,3,1,1,21.95222371350822,0.2882837930113413
train-r3-p-rev-017,train,3,1,1,65.15871337167016,0.4985275700506969
train-r3-p-rev-018,train,3,1,1,65.54623078744851,0.8838987189776984
train-r3-p-rev-019,train,3,1,1,48.64712201718173,0.29722004484474407
calibration-r1-n-same-000,calibration,1,-1,0,20.0,0.0
calibration-r1-n-same-001,calibration,1,-1,0,20.0,1.0
calibration-r1-n-same-002,calibration,1,-1,0,70.0,0.0
calibration-r1-n-same-003,calibration,1,-1,0,70.0,1.0
calibration-r1-n-same-004,calibration,1,-1,0,47.912565144906836,0.35738413307132566
calibration-r1-n-same-005,calibration,1,-1,0,22.75065976274344,0.8214377225525016
calibration-r1-n-same-006,calibration,1,-1,0,28.559831127099343,0.09337099073496058
calibration-r1-n-same-007,calibration,1,-1,0,65.33846800838455,0.29451942419433164
calibration-r1-n-same-008,calibration,1,-1,0,51.503233452998785,0.585845006838907
calibration-r1-n-same-009,calibration,1,-1,0,25.34711715399733,0.5348640523391313
calibration-r1-n-same-010,calibration,1,-1,0,42.90295933500131,0.008443167682211428
calibration-r1-n-same-011,calibration,1,-1,0,49.15072747818804,0.3743716882818712
calibration-r1-n-same-012,calibration,1,-1,0,28.618956546136374,0.6981250172538316
calibration-r1-n-same-013,calibration,1,-1,0,36.62797955334062,0.6661314574689774
calibration-r1-n-same-014,calibration,1,-1,0,60.26072361751661,0.9190966131586423
calibration-r1-n-same-015,calibration,1,-1,0,25.89025390322958,0.3773431259963532
calibration-r1-n-same-016,calibration,1,-1,0,46.486859784394014,0.7250205302275959
calibration-r1-n-same-017,calibration,1,-1,0,35.548581012532466,0.18344167772048237
calibration-r1-n-same-018,calibration,1,-1,0,20.796412804750503,0.1403744621985804
calibration-r1-n-same-019,calibration,1,-1,0,25.00640217012637,0.4428424426767681
calibration-r1-n-same-020,calibration,1,-1,0,32.73436361903106,0.6437964977536913
calibration-r1-n-same-021,calibration,1,-1,0,27.7216115099233,0.9682518208447164
calibration-r1-n-same-022,calibration,1,-1,0,49.137739531299545,0.8540540906745893
calibration-r1-n-same-023,calibration,1,-1,0,41.6627500406553,0.6211626982995765
calibration-r1-n-rev-000,calibration,1,-1,1,20.0,0.0
calibration-r1-n-rev-001,calibration,1,-1,1,20.0,1.0
calibration-r1-n-rev-002,calibration,1,-1,1,70.0,0.0
calibration-r1-n-rev-003,calibration,1,-1,1,70.0,1.0
calibration-r1-n-rev-004,calibration,1,-1,1,49.406350885221805,0.6132314801655578
calibration-r1-n-rev-005,calibration,1,-1,1,67.37726704194012,0.25959341900393684
calibration-r1-n-rev-006,calibration,1,-1,1,21.605162025256973,0.4868152294361392
calibration-r1-n-rev-007,calibration,1,-1,1,24.621789716790946,0.8721455612060227
calibration-r1-n-rev-008,calibration,1,-1,1,26.018381992889527,0.17923326556556374
calibration-r1-n-rev-009,calibration,1,-1,1,57.472271949025895,0.517329598747797
calibration-r1-n-rev-010,calibration,1,-1,1,22.71549931891507,0.10983805368110289
calibration-r1-n-rev-011,calibration,1,-1,1,69.92701375651963,0.7351778893441265
calibration-r1-n-rev-012,calibration,1,-1,1,27.563418131487857,0.08549760717838739
calibration-r1-n-rev-013,calibration,1,-1,1,39.622512880288106,0.43442008731452286
calibration-r1-n-rev-014,calibration,1,-1,1,67.66090467733831,0.721289453240578
calibration-r1-n-rev-015,calibration,1,-1,1,43.57304358367438,0.23465216378477427
calibration-r1-n-rev-016,calibration,1,-1,1,46.15409698904494,0.6906364885370666
calibration-r1-n-rev-017,calibration,1,-1,1,63.817831986824466,0.09647871074310954
calibration-r1-n-rev-018,calibration,1,-1,1,45.13889696824102,0.5245247318861194
calibration-r1-n-rev-019,calibration,1,-1,1,24.69113065488303,0.7366053659210742
calibration-r1-n-rev-020,calibration,1,-1,1,26.67799431381318,0.7887741645801565
calibration-r1-n-rev-021,calibration,1,-1,1,51.791531870624766,0.7847938163234992
calibration-r1-n-rev-022,calibration,1,-1,1,52.08746799239962,0.43769266210938884
calibration-r1-n-rev-023,calibration,1,-1,1,57.53623561760199,0.6722325906602953
calibration-r1-p-same-000,calibration,1,1,0,20.0,0.0
calibration-r1-p-same-001,calibration,1,1,0,20.0,1.0
calibration-r1-p-same-002,calibration,1,1,0,70.0,0.0
calibration-r1-p-same-003,calibration,1,1,0,70.0,1.0
calibration-r1-p-same-004,calibration,1,1,0,44.89780856435772,0.6299824255742574
calibration-r1-p-same-005,calibration,1,1,0,47.17996300249025,0.9306249977621232
calibration-r1-p-same-006,calibration,1,1,0,66.19339810244746,0.22525963285141348
calibration-r1-p-same-007,calibration,1,1,0,48.116389609265156,0.9423060996567044
calibration-r1-p-same-008,calibration,1,1,0,56.804207975401084,0.5847906507696111
calibration-r1-p-same-009,calibration,1,1,0,44.18814390818473,0.6657279874537664
calibration-r1-p-same-010,calibration,1,1,0,57.4455830154864,0.3557072961459833
calibration-r1-p-same-011,calibration,1,1,0,54.43759210713273,0.33477806123080256
calibration-r1-p-same-012,calibration,1,1,0,55.63708142723993,0.956382429705676
calibration-r1-p-same-013,calibration,1,1,0,25.72656985642732,0.7271445063878791
calibration-r1-p-same-014,calibration,1,1,0,35.37518638439499,0.3329890101671843
calibration-r1-p-same-015,calibration,1,1,0,39.60690331888867,0.34394628513506664
calibration-r1-p-same-016,calibration,1,1,0,65.7653923920553,0.12314296326353835
calibration-r1-p-same-017,calibration,1,1,0,61.48171400270398,0.374113839764631
calibration-r1-p-same-018,calibration,1,1,0,44.459955895528125,0.44913450101231045
calibration-r1-p-same-019,calibration,1,1,0,62.64114155029168,0.5492672679802708
calibration-r1-p-same-020,calibration,1,1,0,29.842679238157025,0.14895781451067158
calibration-r1-p-same-021,calibration,1,1,0,64.55940794296926,0.7491464315216377
calibration-r1-p-same-022,calibration,1,1,0,44.50176946462589,0.8117308927422774
calibration-r1-p-same-023,calibration,1,1,0,59.18091738745984,0.038915706167641284
calibration-r1-p-rev-000,calibration,1,1,1,20.0,0.0
calibration-r1-p-rev-001,calibration,1,1,1,20.0,1.0
calibration-r1-p-rev-002,calibration,1,1,1,70.0,0.0
calibration-r1-p-rev-003,calibration,1,1,1,70.0,1.0
calibration-r1-p-rev-004,calibration,1,1,1,25.295340603139948,0.28240015117349626
calibration-r1-p-rev-005,calibration,1,1,1,48.75042217541071,0.9932439302285123
calibration-r1-p-rev-006,calibration,1,1,1,69.83849523171875,0.14409010753548768
calibration-r1-p-rev-007,calibration,1,1,1,62.31026613218784,0.6720270258091737
calibration-r1-p-rev-008,calibration,1,1,1,31.241778709913724,0.22914117807251455
calibration-r1-p-rev-009,calibration,1,1,1,27.136512239114428,0.31028678023275313
calibration-r1-p-rev-010,calibration,1,1,1,22.930868731550834,0.3732455867961695
calibration-r1-p-rev-011,calibration,1,1,1,41.58695209208292,0.2965548283202235
calibration-r1-p-rev-012,calibration,1,1,1,27.072453516283627,0.2780553550894429
calibration-r1-p-rev-013,calibration,1,1,1,30.357712782832813,0.7105774428289491
calibration-r1-p-rev-014,calibration,1,1,1,33.86783341438056,0.24139547103897185
calibration-r1-p-rev-015,calibration,1,1,1,24.79911133085456,0.522542124148373
calibration-r1-p-rev-016,calibration,1,1,1,41.24179136276044,0.9098732777398937
calibration-r1-p-rev-017,calibration,1,1,1,69.6952784661689,0.5309641588174269
calibration-r1-p-rev-018,calibration,1,1,1,47.15710758686668,0.6457330707781505
calibration-r1-p-rev-019,calibration,1,1,1,69.15977424196637,0.87928047352981
calibration-r1-p-rev-020,calibration,1,1,1,69.78259061505611,0.6022480486163415
calibration-r1-p-rev-021,calibration,1,1,1,67.83234367683858,0.5044150920356951
calibration-r1-p-rev-022,calibration,1,1,1,64.35321753511712,0.45457992425576976
calibration-r1-p-rev-023,calibration,1,1,1,40.11300323263734,0.2840197886026504
calibration-r2-n-same-000,calibration,2,-1,0,20.0,0.0
calibration-r2-n-same-001,calibration,2,-1,0,20.0,1.0
calibration-r2-n-same-002,calibration,2,-1,0,70.0,0.0
calibration-r2-n-same-003,calibration,2,-1,0,70.0,1.0
calibration-r2-n-same-004,calibration,2,-1,0,62.73200197449085,0.6043948308748903
calibration-r2-n-same-005,calibration,2,-1,0,23.472890749337083,0.5498801444933002
calibration-r2-n-same-006,calibration,2,-1,0,60.77609705248547,0.5194566770588706
calibration-r2-n-same-007,calibration,2,-1,0,20.78508728071372,0.6499508747617087
calibration-r2-n-same-008,calibration,2,-1,0,38.09574446737153,0.2892634020875453
calibration-r2-n-same-009,calibration,2,-1,0,51.61454143733951,0.640121002826245
calibration-r2-n-same-010,calibration,2,-1,0,42.55089620127369,0.17988702634556886
calibration-r2-n-same-011,calibration,2,-1,0,37.65253791933448,0.5589207747577273
calibration-r2-n-same-012,calibration,2,-1,0,21.640307846991856,0.1899792127717409
calibration-r2-n-same-013,calibration,2,-1,0,51.0877473018873,0.9059227786899505
calibration-r2-n-same-014,calibration,2,-1,0,31.875844583369815,0.18131164584960213
calibration-r2-n-same-015,calibration,2,-1,0,68.59227723027348,0.2422072645463237
calibration-r2-n-same-016,calibration,2,-1,0,53.3396515356124,0.46215270379149465
calibration-r2-n-same-017,calibration,2,-1,0,50.763705781405605,0.6170730834979818
calibration-r2-n-same-018,calibration,2,-1,0,41.969020102694756,0.5403484083001031
calibration-r2-n-same-019,calibration,2,-1,0,59.436660941799616,0.7893789897749957
calibration-r2-n-same-020,calibration,2,-1,0,66.31109182607355,0.4212698674505674
calibration-r2-n-same-021,calibration,2,-1,0,52.61928235336734,0.0611496259205252
calibration-r2-n-same-022,calibration,2,-1,0,25.320527249557156,0.7037322367421108
calibration-r2-n-same-023,calibration,2,-1,0,21.983276129039663,0.5065126486559062
calibration-r2-n-rev-000,calibration,2,-1,1,20.0,0.0
calibration-r2-n-rev-001,calibration,2,-1,1,20.0,1.0
calibration-r2-n-rev-002,calibration,2,-1,1,70.0,0.0
calibration-r2-n-rev-003,calibration,2,-1,1,70.0,1.0
calibration-r2-n-rev-004,calibration,2,-1,1,66.08005057905078,0.035267889561694354
calibration-r2-n-rev-005,calibration,2,-1,1,30.973802103252766,0.07225051432694396
calibration-r2-n-rev-006,calibration,2,-1,1,50.15841549949332,0.4534081607464455
calibration-r2-n-rev-007,calibration,2,-1,1,35.71621839693128,0.648990246193574
calibration-r2-n-rev-008,calibration,2,-1,1,43.2017276972566,0.4652333686419782
calibration-r2-n-rev-009,calibration,2,-1,1,66.34130007232022,0.9141906121056803
calibration-r2-n-rev-010,calibration,2,-1,1,68.85667533585277,0.03431403959488011
calibration-r2-n-rev-011,calibration,2,-1,1,24.058625972201895,0.8499464931819943
calibration-r2-n-rev-012,calibration,2,-1,1,22.979547077697404,0.6729397684823266
calibration-r2-n-rev-013,calibration,2,-1,1,49.40820422970824,0.1443610447146526
calibration-r2-n-rev-014,calibration,2,-1,1,26.031096806933594,0.18939791560058328
calibration-r2-n-rev-015,calibration,2,-1,1,26.449628703553316,0.2337407447335782
calibration-r2-n-rev-016,calibration,2,-1,1,36.77537860659919,0.4234308487060804
calibration-r2-n-rev-017,calibration,2,-1,1,25.69596028297532,0.9255965023805216
calibration-r2-n-rev-018,calibration,2,-1,1,56.89801383785613,0.3471828768900248
calibration-r2-n-rev-019,calibration,2,-1,1,61.866526550542545,0.36401763333874937
calibration-r2-n-rev-020,calibration,2,-1,1,36.172239667560085,0.4605389808670468
calibration-r2-n-rev-021,calibration,2,-1,1,46.83570788179952,0.11167757643577247
calibration-r2-n-rev-022,calibration,2,-1,1,34.972014454466716,0.040738415627552205
calibration-r2-n-rev-023,calibration,2,-1,1,67.68576616385012,0.2977320127793087
calibration-r2-p-same-000,calibration,2,1,0,20.0,0.0
calibration-r2-p-same-001,calibration,2,1,0,20.0,1.0
calibration-r2-p-same-002,calibration,2,1,0,70.0,0.0
calibration-r2-p-same-003,calibration,2,1,0,70.0,1.0
calibration-r2-p-same-004,calibration,2,1,0,21.70655311155376,0.09727231582115747
calibration-r2-p-same-005,calibration,2,1,0,29.76881263534208,0.8332869600127379
calibration-r2-p-same-006,calibration,2,1,0,43.104849643541975,0.9233940180314835
calibration-r2-p-same-007,calibration,2,1,0,30.34516634370567,0.2703176905201816
calibration-r2-p-same-008,calibration,2,1,0,31.26125097263561,0.2545131647130462
calibration-r2-p-same-009,calibration,2,1,0,25.710671933681226,0.6953006319542934
calibration-r2-p-same-010,calibration,2,1,0,31.954643670847545,0.6429570176807814
calibration-r2-p-same-011,calibration,2,1,0,41.680129991721614,0.3487207818349396
calibration-r2-p-same-012,calibration,2,1,0,60.19632139237349,0.254397340913302
calibration-r2-p-same-013,calibration,2,1,0,33.890265649885905,0.9498579083161741
calibration-r2-p-same-014,calibration,2,1,0,56.89669296303594,0.8581082677628677
calibration-r2-p-same-015,calibration,2,1,0,22.63558909322842,0.5294365075925742
calibration-r2-p-same-016,calibration,2,1,0,50.3991684998696,0.8928164137182892
calibration-r2-p-same-017,calibration,2,1,0,61.34074316546321,0.6328923915918361
calibration-r2-p-same-018,calibration,2,1,0,66.72296543005686,0.23914232497445198
calibration-r2-p-same-019,calibration,2,1,0,49.63420696116327,0.9764642578582248
calibration-r2-p-same-020,calibration,2,1,0,52.48459915534935,0.7241057232877854
calibration-r2-p-same-021,calibration,2,1,0,66.91681466969678,0.010202590092174835
calibration-r2-p-same-022,calibration,2,1,0,35.03007083846609,0.493643515162592
calibration-r2-p-same-023,calibration,2,1,0,24.854397061880945,0.4395886770977966
calibration-r2-p-rev-000,calibration,2,1,1,20.0,0.0
calibration-r2-p-rev-001,calibration,2,1,1,20.0,1.0
calibration-r2-p-rev-002,calibration,2,1,1,70.0,0.0
calibration-r2-p-rev-003,calibration,2,1,1,70.0,1.0
calibration-r2-p-rev-004,calibration,2,1,1,54.03015009560754,0.6514163244267793
calibration-r2-p-rev-005,calibration,2,1,1,42.85759684000868,0.6110989909357918
calibration-r2-p-rev-006,calibration,2,1,1,59.25143901844188,0.5662050914997482
calibration-r2-p-rev-007,calibration,2,1,1,48.57937469806009,0.6440173915282932
calibration-r2-p-rev-008,calibration,2,1,1,48.28302406584494,0.5599313017988666
calibration-r2-p-rev-009,calibration,2,1,1,61.77315365801943,0.8225424668717501
calibration-r2-p-rev-010,calibration,2,1,1,69.22307122587668,0.38588303573137495
calibration-r2-p-rev-011,calibration,2,1,1,46.27238943681713,0.2240782320051966
calibration-r2-p-rev-012,calibration,2,1,1,29.88760434484053,0.7829654424526383
calibration-r2-p-rev-013,calibration,2,1,1,54.325315171685794,0.7310837506508532
calibration-r2-p-rev-014,calibration,2,1,1,31.759027931384672,0.8372685066267321
calibration-r2-p-rev-015,calibration,2,1,1,63.535872106451045,0.3509405611914266
calibration-r2-p-rev-016,calibration,2,1,1,52.09479141682557,0.7697649280290149
calibration-r2-p-rev-017,calibration,2,1,1,23.76689862806929,0.04554749392342017
calibration-r2-p-rev-018,calibration,2,1,1,66.43710760696104,0.9757693548884229
calibration-r2-p-rev-019,calibration,2,1,1,31.147657894092724,0.1324678223242619
calibration-r2-p-rev-020,calibration,2,1,1,55.06189831278903,0.8688994633037558
calibration-r2-p-rev-021,calibration,2,1,1,48.74197714381911,0.6218673200837757
calibration-r2-p-rev-022,calibration,2,1,1,53.4054117527089,0.9048955922686008
calibration-r2-p-rev-023,calibration,2,1,1,20.427421957979735,0.36500572559223543
calibration-r3-n-same-000,calibration,3,-1,0,20.0,0.0
calibration-r3-n-same-001,calibration,3,-1,0,20.0,1.0
calibration-r3-n-same-002,calibration,3,-1,0,70.0,0.0
calibration-r3-n-same-003,calibration,3,-1,0,70.0,1.0
calibration-r3-n-same-004,calibration,3,-1,0,63.411369774472,0.719606795224273
calibration-r3-n-same-005,calibration,3,-1,0,62.37945247719857,0.2698199620651882
calibration-r3-n-same-006,calibration,3,-1,0,55.16352486774543,0.7111558375166405
calibration-r3-n-same-007,calibration,3,-1,0,50.016156758371636,0.5034490786320982
calibration-r3-n-same-008,calibration,3,-1,0,47.25937910214073,0.623464638074763
calibration-r3-n-same-009,calibration,3,-1,0,54.787457955761525,0.6825967201508644
calibration-r3-n-same-010,calibration,3,-1,0,23.933134835327547,0.036403826969649944
calibration-r3-n-same-011,calibration,3,-1,0,33.162037246763475,0.652423712883918
calibration-r3-n-same-012,calibration,3,-1,0,28.451031190269276,0.7043542418070727
calibration-r3-n-same-013,calibration,3,-1,0,26.13819610474899,0.5603241274910473
calibration-r3-n-same-014,calibration,3,-1,0,32.796020396284156,0.7628373123291103
calibration-r3-n-same-015,calibration,3,-1,0,20.2648403328533,0.3883260174856459
calibration-r3-n-same-016,calibration,3,-1,0,40.94113309278731,0.8225588606043162
calibration-r3-n-same-017,calibration,3,-1,0,46.65207757742215,0.4955521953599189
calibration-r3-n-same-018,calibration,3,-1,0,43.67260152925844,0.01110886652733789
calibration-r3-n-same-019,calibration,3,-1,0,67.9158049678924,0.36260771747956755
calibration-r3-n-same-020,calibration,3,-1,0,38.31335436849682,0.6946719398068184
calibration-r3-n-same-021,calibration,3,-1,0,31.19501341809963,0.0671038243435963
calibration-r3-n-same-022,calibration,3,-1,0,37.559728318935626,0.710611990452187
calibration-r3-n-same-023,calibration,3,-1,0,20.158822687803845,0.2899723703901185
calibration-r3-n-rev-000,calibration,3,-1,1,20.0,0.0
calibration-r3-n-rev-001,calibration,3,-1,1,20.0,1.0
calibration-r3-n-rev-002,calibration,3,-1,1,70.0,0.0
calibration-r3-n-rev-003,calibration,3,-1,1,70.0,1.0
calibration-r3-n-rev-004,calibration,3,-1,1,64.62029578547669,0.9685324694025428
calibration-r3-n-rev-005,calibration,3,-1,1,30.818050003761826,0.08791471664631523
calibration-r3-n-rev-006,calibration,3,-1,1,67.60321402477297,0.7689859618824553
calibration-r3-n-rev-007,calibration,3,-1,1,67.79655028657788,0.09362558965048451
calibration-r3-n-rev-008,calibration,3,-1,1,63.14337560169979,0.6200499478260049
calibration-r3-n-rev-009,calibration,3,-1,1,42.540534919523765,0.09562650060736011
calibration-r3-n-rev-010,calibration,3,-1,1,33.86117118221358,0.8974369766504167
calibration-r3-n-rev-011,calibration,3,-1,1,66.73378579746903,0.3476161412240568
calibration-r3-n-rev-012,calibration,3,-1,1,37.815464404239435,0.45509354042314065
calibration-r3-n-rev-013,calibration,3,-1,1,32.1952518525897,0.6265767502378341
calibration-r3-n-rev-014,calibration,3,-1,1,30.378691114312733,0.8767165561508112
calibration-r3-n-rev-015,calibration,3,-1,1,63.82358971593144,0.850147739178496
calibration-r3-n-rev-016,calibration,3,-1,1,40.11372015469162,0.2255812451852972
calibration-r3-n-rev-017,calibration,3,-1,1,40.20971761574663,0.8997920628170839
calibration-r3-n-rev-018,calibration,3,-1,1,63.41659790561684,0.5174477820001802
calibration-r3-n-rev-019,calibration,3,-1,1,68.79822199088098,0.20300473745341086
calibration-r3-n-rev-020,calibration,3,-1,1,58.636604208101296,0.13177391375617242
calibration-r3-n-rev-021,calibration,3,-1,1,32.41606547668233,0.5985370777824249
calibration-r3-n-rev-022,calibration,3,-1,1,58.08941136599068,0.2467752232851793
calibration-r3-n-rev-023,calibration,3,-1,1,58.599770641292785,0.6226502021253917
calibration-r3-p-same-000,calibration,3,1,0,20.0,0.0
calibration-r3-p-same-001,calibration,3,1,0,20.0,1.0
calibration-r3-p-same-002,calibration,3,1,0,70.0,0.0
calibration-r3-p-same-003,calibration,3,1,0,70.0,1.0
calibration-r3-p-same-004,calibration,3,1,0,61.438209244868354,0.4051161467155694
calibration-r3-p-same-005,calibration,3,1,0,43.891541071115746,0.2248423252387186
calibration-r3-p-same-006,calibration,3,1,0,42.26227762628599,0.23624102764249155
calibration-r3-p-same-007,calibration,3,1,0,61.69530848477915,0.9734968133419961
calibration-r3-p-same-008,calibration,3,1,0,56.15443228312114,0.05123197738874241
calibration-r3-p-same-009,calibration,3,1,0,57.88996843435769,0.8161417421741777
calibration-r3-p-same-010,calibration,3,1,0,31.25135273612686,0.4641504760772279
calibration-r3-p-same-011,calibration,3,1,0,47.50802080562362,0.496388449157116
calibration-r3-p-same-012,calibration,3,1,0,51.51403140086103,0.14150268278728573
calibration-r3-p-same-013,calibration,3,1,0,61.52060775988502,0.18222169576709824
calibration-r3-p-same-014,calibration,3,1,0,45.37323980699512,0.04446439764834109
calibration-r3-p-same-015,calibration,3,1,0,62.902634443497824,0.1998113286993941
calibration-r3-p-same-016,calibration,3,1,0,52.138056081090966,0.7371249307598964
calibration-r3-p-same-017,calibration,3,1,0,63.64384355366727,0.9698581992583962
calibration-r3-p-same-018,calibration,3,1,0,63.607629635648934,0.7100185257318136
calibration-r3-p-same-019,calibration,3,1,0,30.420150822306617,0.45108751684515347
calibration-r3-p-same-020,calibration,3,1,0,53.913861439307375,0.17175132049742603
calibration-r3-p-same-021,calibration,3,1,0,45.84747788149363,0.1082510099096915
calibration-r3-p-same-022,calibration,3,1,0,64.77226081507301,0.8420661759279251
calibration-r3-p-same-023,calibration,3,1,0,54.11201317126271,0.7550743733185951
calibration-r3-p-rev-000,calibration,3,1,1,20.0,0.0
calibration-r3-p-rev-001,calibration,3,1,1,20.0,1.0
calibration-r3-p-rev-002,calibration,3,1,1,70.0,0.0
calibration-r3-p-rev-003,calibration,3,1,1,70.0,1.0
calibration-r3-p-rev-004,calibration,3,1,1,54.70039429262659,0.20467792652238492
calibration-r3-p-rev-005,calibration,3,1,1,34.95832934741387,0.4933266639124845
calibration-r3-p-rev-006,calibration,3,1,1,50.47483836135463,0.7193671082568351
calibration-r3-p-rev-007,calibration,3,1,1,41.705310862729675,0.831967139574585
calibration-r3-p-rev-008,calibration,3,1,1,60.095236958681944,0.5568361342578065
calibration-r3-p-rev-009,calibration,3,1,1,67.74977961802662,0.8185926910156612
calibration-r3-p-rev-010,calibration,3,1,1,21.564553965791898,0.45656965719651854
calibration-r3-p-rev-011,calibration,3,1,1,61.53655850019622,0.7847123416913007
calibration-r3-p-rev-012,calibration,3,1,1,68.5187345735063,0.1069354998869414
calibration-r3-p-rev-013,calibration,3,1,1,64.39504258600564,0.12630577645891805
calibration-r3-p-rev-014,calibration,3,1,1,42.715787867934964,0.16964121178139624
calibration-r3-p-rev-015,calibration,3,1,1,44.811629227251515,0.8463028756683197
calibration-r3-p-rev-016,calibration,3,1,1,55.350908383971046,0.43428563263237985
calibration-r3-p-rev-017,calibration,3,1,1,57.54722675380599,0.9973374661770107
calibration-r3-p-rev-018,calibration,3,1,1,31.751413563189452,0.8994219900740339
calibration-r3-p-rev-019,calibration,3,1,1,38.13051562857187,0.029640459983560796
calibration-r3-p-rev-020,calibration,3,1,1,60.26879439961485,0.24434098804559679
calibration-r3-p-rev-021,calibration,3,1,1,62.475369582814544,0.30096131187147246
calibration-r3-p-rev-022,calibration,3,1,1,38.35049797152858,0.5198499913049941
calibration-r3-p-rev-023,calibration,3,1,1,29.048338988358196,0.12414076700755661
holdout-r1-n-same-000,holdout,1,-1,0,20.0,0.0
holdout-r1-n-same-001,holdout,1,-1,0,20.0,1.0
holdout-r1-n-same-002,holdout,1,-1,0,70.0,0.0
holdout-r1-n-same-003,holdout,1,-1,0,70.0,1.0
holdout-r1-n-same-004,holdout,1,-1,0,32.99770527131833,0.7232129825454418
holdout-r1-n-same-005,holdout,1,-1,0,44.78411683453501,0.2598697952629312
holdout-r1-n-same-006,holdout,1,-1,0,57.74485454341875,0.7197814692931361
holdout-r1-n-same-007,holdout,1,-1,0,43.945686112922346,0.41863322027083694
holdout-r1-n-same-008,holdout,1,-1,0,57.716212241055786,0.9120696069122533
holdout-r1-n-same-009,holdout,1,-1,0,55.16488947749133,0.95645114301491
holdout-r1-n-same-010,holdout,1,-1,0,36.455764927594686,0.271492361420251
holdout-r1-n-same-011,holdout,1,-1,0,60.217235429857,0.3781476402387849
holdout-r1-n-same-012,holdout,1,-1,0,43.497067430106284,0.15441436481990312
holdout-r1-n-same-013,holdout,1,-1,0,38.48873221772437,0.17312659228392546
holdout-r1-n-same-014,holdout,1,-1,0,31.22091097997314,0.7292552105932041
holdout-r1-n-same-015,holdout,1,-1,0,47.39310167728877,0.3027713043320981
holdout-r1-n-same-016,holdout,1,-1,0,63.207111672003876,0.7108657669802513
holdout-r1-n-same-017,holdout,1,-1,0,63.739292257588865,0.4450427854134359
holdout-r1-n-same-018,holdout,1,-1,0,64.37113947958886,0.6511562413101112
holdout-r1-n-same-019,holdout,1,-1,0,55.70892902722171,0.07752347754005506
holdout-r1-n-same-020,holdout,1,-1,0,21.195292603255055,0.3760459690711426
holdout-r1-n-same-021,holdout,1,-1,0,40.84890363868855,0.7063224412805457
holdout-r1-n-same-022,holdout,1,-1,0,51.09546849973653,0.9966790091972529
holdout-r1-n-same-023,holdout,1,-1,0,56.13159432084271,0.6495392158136349
holdout-r1-n-rev-000,holdout,1,-1,1,20.0,0.0
holdout-r1-n-rev-001,holdout,1,-1,1,20.0,1.0
holdout-r1-n-rev-002,holdout,1,-1,1,70.0,0.0
holdout-r1-n-rev-003,holdout,1,-1,1,70.0,1.0
holdout-r1-n-rev-004,holdout,1,-1,1,39.5124546421079,0.5340758945558708
holdout-r1-n-rev-005,holdout,1,-1,1,38.60240924509601,0.6321423975282281
holdout-r1-n-rev-006,holdout,1,-1,1,26.15913610239577,0.41330834500671765
holdout-r1-n-rev-007,holdout,1,-1,1,27.043113655840187,0.21600806887746593
holdout-r1-n-rev-008,holdout,1,-1,1,37.92967629283717,0.14896256147211173
holdout-r1-n-rev-009,holdout,1,-1,1,34.05673149304803,0.9418679434499482
holdout-r1-n-rev-010,holdout,1,-1,1,40.045957296008964,0.11482625851784634
holdout-r1-n-rev-011,holdout,1,-1,1,21.360275475792307,0.08574998557810676
holdout-r1-n-rev-012,holdout,1,-1,1,58.58541477813189,0.8402322603180802
holdout-r1-n-rev-013,holdout,1,-1,1,68.19213034062884,0.48850367435169273
holdout-r1-n-rev-014,holdout,1,-1,1,59.651926749617324,0.5206877321838859
holdout-r1-n-rev-015,holdout,1,-1,1,31.72201830057334,0.8716510097636472
holdout-r1-n-rev-016,holdout,1,-1,1,54.28332145962419,0.6516671689775073
holdout-r1-n-rev-017,holdout,1,-1,1,40.728315492620375,0.40290880103442817
holdout-r1-n-rev-018,holdout,1,-1,1,64.51336673727154,0.3814519881476769
holdout-r1-n-rev-019,holdout,1,-1,1,66.16845163759041,0.7087051795540096
holdout-r1-n-rev-020,holdout,1,-1,1,32.915621796919936,0.2788045234722012
holdout-r1-n-rev-021,holdout,1,-1,1,52.486931406914415,0.34044326743263476
holdout-r1-n-rev-022,holdout,1,-1,1,50.51211307899924,0.04953430598866293
holdout-r1-n-rev-023,holdout,1,-1,1,32.67519378568612,0.5341681984956045
holdout-r1-p-same-000,holdout,1,1,0,20.0,0.0
holdout-r1-p-same-001,holdout,1,1,0,20.0,1.0
holdout-r1-p-same-002,holdout,1,1,0,70.0,0.0
holdout-r1-p-same-003,holdout,1,1,0,70.0,1.0
holdout-r1-p-same-004,holdout,1,1,0,64.76930379861193,0.9113989605372431
holdout-r1-p-same-005,holdout,1,1,0,51.33856103840174,0.5090597709890508
holdout-r1-p-same-006,holdout,1,1,0,57.06497860996982,0.985236831477199
holdout-r1-p-same-007,holdout,1,1,0,47.62905249349642,0.8254353861299666
holdout-r1-p-same-008,holdout,1,1,0,37.97304546394221,0.9274308986447442
holdout-r1-p-same-009,holdout,1,1,0,33.676789015917336,0.578732678611943
holdout-r1-p-same-010,holdout,1,1,0,45.70640178046316,0.5562161991087738
holdout-r1-p-same-011,holdout,1,1,0,53.316436660724605,0.8892769686223526
holdout-r1-p-same-012,holdout,1,1,0,49.01167856113907,0.6925510359726967
holdout-r1-p-same-013,holdout,1,1,0,54.0942242408821,0.4770944155373408
holdout-r1-p-same-014,holdout,1,1,0,54.82419668857699,0.969263805767568
holdout-r1-p-same-015,holdout,1,1,0,51.65835334410151,0.1239178301786712
holdout-r1-p-same-016,holdout,1,1,0,44.19177166540637,0.6805527578197439
holdout-r1-p-same-017,holdout,1,1,0,55.70242714140623,0.32561502219091687
holdout-r1-p-same-018,holdout,1,1,0,55.32755939856385,0.9873691478543458
holdout-r1-p-same-019,holdout,1,1,0,24.89588200683016,0.7065260238057293
holdout-r1-p-same-020,holdout,1,1,0,22.853294377489224,0.22381592255818306
holdout-r1-p-same-021,holdout,1,1,0,63.7943975875026,0.9886209135711627
holdout-r1-p-same-022,holdout,1,1,0,43.87487384920469,0.3889866629460672
holdout-r1-p-same-023,holdout,1,1,0,51.93448701666336,0.8457666912469886
holdout-r1-p-rev-000,holdout,1,1,1,20.0,0.0
holdout-r1-p-rev-001,holdout,1,1,1,20.0,1.0
holdout-r1-p-rev-002,holdout,1,1,1,70.0,0.0
holdout-r1-p-rev-003,holdout,1,1,1,70.0,1.0
holdout-r1-p-rev-004,holdout,1,1,1,42.85496068702129,0.7356169550680702
holdout-r1-p-rev-005,holdout,1,1,1,47.91323684751621,0.7707361297194352
holdout-r1-p-rev-006,holdout,1,1,1,66.5421291193371,0.3849416159731207
holdout-r1-p-rev-007,holdout,1,1,1,54.484068693035155,0.5828981557089494
holdout-r1-p-rev-008,holdout,1,1,1,53.6116259063003,0.522829976402179
holdout-r1-p-rev-009,holdout,1,1,1,56.70430846806738,0.8313383132930569
holdout-r1-p-rev-010,holdout,1,1,1,64.58715320697314,0.021127508096259184
holdout-r1-p-rev-011,holdout,1,1,1,56.15985675962218,0.5089575557447
holdout-r1-p-rev-012,holdout,1,1,1,47.406850299188534,0.5942644952547
holdout-r1-p-rev-013,holdout,1,1,1,28.974223242212815,0.4934480761099609
holdout-r1-p-rev-014,holdout,1,1,1,69.47735627080449,0.5705241252733044
holdout-r1-p-rev-015,holdout,1,1,1,69.45296137933963,0.46110803695860747
holdout-r1-p-rev-016,holdout,1,1,1,40.09436633336642,0.6339355633717191
holdout-r1-p-rev-017,holdout,1,1,1,30.86445181985608,0.8590914368530018
holdout-r1-p-rev-018,holdout,1,1,1,39.619971505429184,0.10097418190230723
holdout-r1-p-rev-019,holdout,1,1,1,51.21084411028142,0.723125059676559
holdout-r1-p-rev-020,holdout,1,1,1,60.189205397613456,0.07850487107566961
holdout-r1-p-rev-021,holdout,1,1,1,29.843767504611467,0.8681745901854848
holdout-r1-p-rev-022,holdout,1,1,1,24.229175484618708,0.6804726027933972
holdout-r1-p-rev-023,holdout,1,1,1,37.79122411677696,0.07179759697439536
holdout-r2-n-same-000,holdout,2,-1,0,20.0,0.0
holdout-r2-n-same-001,holdout,2,-1,0,20.0,1.0
holdout-r2-n-same-002,holdout,2,-1,0,70.0,0.0
holdout-r2-n-same-003,holdout,2,-1,0,70.0,1.0
holdout-r2-n-same-004,holdout,2,-1,0,35.95876561731117,0.01312231006061726
holdout-r2-n-same-005,holdout,2,-1,0,35.973941456644255,0.02499698832402719
holdout-r2-n-same-006,holdout,2,-1,0,34.460012827410026,0.3862141922624901
holdout-r2-n-same-007,holdout,2,-1,0,30.297518910476498,0.1890560246604135
holdout-r2-n-same-008,holdout,2,-1,0,68.0753191833378,0.691483766548134
holdout-r2-n-same-009,holdout,2,-1,0,48.058495683018286,0.7038251510388925
holdout-r2-n-same-010,holdout,2,-1,0,23.943522782653396,0.3701869503533509
holdout-r2-n-same-011,holdout,2,-1,0,68.79467441340067,0.6537004256267513
holdout-r2-n-same-012,holdout,2,-1,0,54.01860961096458,0.15778846811662517
holdout-r2-n-same-013,holdout,2,-1,0,29.515679417810297,0.20580735397597572
holdout-r2-n-same-014,holdout,2,-1,0,30.55480805608931,0.046750342720850435
holdout-r2-n-same-015,holdout,2,-1,0,25.43268206008996,0.8229622948208528
holdout-r2-n-same-016,holdout,2,-1,0,31.111479076426498,0.4011677279772884
holdout-r2-n-same-017,holdout,2,-1,0,51.09561342136542,0.25446509962002795
holdout-r2-n-same-018,holdout,2,-1,0,48.770212797679804,0.38155314985535005
holdout-r2-n-same-019,holdout,2,-1,0,24.512290385671726,0.741368888084665
holdout-r2-n-same-020,holdout,2,-1,0,63.66205009592929,0.08474001111976903
holdout-r2-n-same-021,holdout,2,-1,0,46.82923222692987,0.3669695655734857
holdout-r2-n-same-022,holdout,2,-1,0,54.7039823622408,0.5240604760081515
holdout-r2-n-same-023,holdout,2,-1,0,57.93737376055224,0.4590453075282964
holdout-r2-n-rev-000,holdout,2,-1,1,20.0,0.0
holdout-r2-n-rev-001,holdout,2,-1,1,20.0,1.0
holdout-r2-n-rev-002,holdout,2,-1,1,70.0,0.0
holdout-r2-n-rev-003,holdout,2,-1,1,70.0,1.0
holdout-r2-n-rev-004,holdout,2,-1,1,20.41742812132509,0.7014404817053708
holdout-r2-n-rev-005,holdout,2,-1,1,27.727920479738476,0.1202708696383803
holdout-r2-n-rev-006,holdout,2,-1,1,65.19575515844366,0.30077914405240913
holdout-r2-n-rev-007,holdout,2,-1,1,44.64662629944982,0.6472046667291463
holdout-r2-n-rev-008,holdout,2,-1,1,60.92955763361927,0.7383898421716817
holdout-r2-n-rev-009,holdout,2,-1,1,61.10424613158902,0.06822200738584583
holdout-r2-n-rev-010,holdout,2,-1,1,41.72603222704015,0.7642622930961956
holdout-r2-n-rev-011,holdout,2,-1,1,43.671665000939164,0.5611413649268462
holdout-r2-n-rev-012,holdout,2,-1,1,41.42637937685122,0.09612439573551557
holdout-r2-n-rev-013,holdout,2,-1,1,51.931760912659556,0.8866162714401066
holdout-r2-n-rev-014,holdout,2,-1,1,45.363666149145445,0.7172515056183376
holdout-r2-n-rev-015,holdout,2,-1,1,39.66359866705261,0.9026928691308301
holdout-r2-n-rev-016,holdout,2,-1,1,65.1730250814822,0.26530325978399605
holdout-r2-n-rev-017,holdout,2,-1,1,31.383334210960495,0.026726483010479862
holdout-r2-n-rev-018,holdout,2,-1,1,21.053966657420148,0.03634820442963582
holdout-r2-n-rev-019,holdout,2,-1,1,66.41988801669879,0.31058582412356917
holdout-r2-n-rev-020,holdout,2,-1,1,43.179423401516715,0.22592728054894995
holdout-r2-n-rev-021,holdout,2,-1,1,53.43699209516596,0.4592900297597573
holdout-r2-n-rev-022,holdout,2,-1,1,69.53927040516055,0.1585546663954015
holdout-r2-n-rev-023,holdout,2,-1,1,37.18544399974205,0.036919143798998966
holdout-r2-p-same-000,holdout,2,1,0,20.0,0.0
holdout-r2-p-same-001,holdout,2,1,0,20.0,1.0
holdout-r2-p-same-002,holdout,2,1,0,70.0,0.0
holdout-r2-p-same-003,holdout,2,1,0,70.0,1.0
holdout-r2-p-same-004,holdout,2,1,0,61.04660855591373,0.11515722700769981
holdout-r2-p-same-005,holdout,2,1,0,66.8055274771308,0.8917535512556564
holdout-r2-p-same-006,holdout,2,1,0,26.244679734556073,0.2051662788726185
holdout-r2-p-same-007,holdout,2,1,0,62.68925344830472,0.3821009176160789
holdout-r2-p-same-008,holdout,2,1,0,45.17392731627621,0.4626846681647121
holdout-r2-p-same-009,holdout,2,1,0,29.246173178684245,0.9777526806270891
holdout-r2-p-same-010,holdout,2,1,0,61.56272287636954,0.7934798289831804
holdout-r2-p-same-011,holdout,2,1,0,23.60162932785285,0.3263592924330556
holdout-r2-p-same-012,holdout,2,1,0,57.22017766238764,0.8537473208534975
holdout-r2-p-same-013,holdout,2,1,0,38.75989952140066,0.3007390008977183
holdout-r2-p-same-014,holdout,2,1,0,28.870764416048175,0.676389615893371
holdout-r2-p-same-015,holdout,2,1,0,52.491387788830274,0.5986735719507742
holdout-r2-p-same-016,holdout,2,1,0,31.483031771577465,0.6240623261060444
holdout-r2-p-same-017,holdout,2,1,0,20.623168101703197,0.016400036569118148
holdout-r2-p-same-018,holdout,2,1,0,63.00021223999051,0.5493503492268444
holdout-r2-p-same-019,holdout,2,1,0,54.99532388452173,0.3287162568203936
holdout-r2-p-same-020,holdout,2,1,0,45.083852836992435,0.6185615421967136
holdout-r2-p-same-021,holdout,2,1,0,27.36283010532474,0.27515542352792155
holdout-r2-p-same-022,holdout,2,1,0,64.80499468924012,0.8000571217957317
holdout-r2-p-same-023,holdout,2,1,0,69.17747312167852,0.3937269047735672
holdout-r2-p-rev-000,holdout,2,1,1,20.0,0.0
holdout-r2-p-rev-001,holdout,2,1,1,20.0,1.0
holdout-r2-p-rev-002,holdout,2,1,1,70.0,0.0
holdout-r2-p-rev-003,holdout,2,1,1,70.0,1.0
holdout-r2-p-rev-004,holdout,2,1,1,59.58003771134469,0.2395579404235706
holdout-r2-p-rev-005,holdout,2,1,1,46.17160280171048,0.9711884171608025
holdout-r2-p-rev-006,holdout,2,1,1,35.0085895561147,0.25103509738626895
holdout-r2-p-rev-007,holdout,2,1,1,40.847108143140815,0.6439388859456437
holdout-r2-p-rev-008,holdout,2,1,1,39.17155707616119,0.34140779941209887
holdout-r2-p-rev-009,holdout,2,1,1,43.751480794853165,0.2495452106744338
holdout-r2-p-rev-010,holdout,2,1,1,62.18939593590328,0.18650704028742615
holdout-r2-p-rev-011,holdout,2,1,1,53.40029387352877,0.928674699774847
holdout-r2-p-rev-012,holdout,2,1,1,20.476617047543073,0.2461829706328852
holdout-r2-p-rev-013,holdout,2,1,1,27.437238057449385,0.041470722804640925
holdout-r2-p-rev-014,holdout,2,1,1,45.132907717788186,0.27496972271723796
holdout-r2-p-rev-015,holdout,2,1,1,45.2974451735123,0.9941376878116125
holdout-r2-p-rev-016,holdout,2,1,1,24.0053297942813,0.432993769750217
holdout-r2-p-rev-017,holdout,2,1,1,56.220413990278324,0.3964560242022144
holdout-r2-p-rev-018,holdout,2,1,1,57.57613972761299,0.22602876524668591
holdout-r2-p-rev-019,holdout,2,1,1,21.900001881985137,0.2387055483937428
holdout-r2-p-rev-020,holdout,2,1,1,43.85575391083061,0.175596411083073
holdout-r2-p-rev-021,holdout,2,1,1,68.94152503409423,0.9686436334184687
holdout-r2-p-rev-022,holdout,2,1,1,21.022132184252282,0.7028574693375816
holdout-r2-p-rev-023,holdout,2,1,1,26.218850683270468,0.8604354087734547
holdout-r3-n-same-000,holdout,3,-1,0,20.0,0.0
holdout-r3-n-same-001,holdout,3,-1,0,20.0,1.0
holdout-r3-n-same-002,holdout,3,-1,0,70.0,0.0
holdout-r3-n-same-003,holdout,3,-1,0,70.0,1.0
holdout-r3-n-same-004,holdout,3,-1,0,45.16696984350519,0.6933304504052434
holdout-r3-n-same-005,holdout,3,-1,0,45.82993095176147,0.815749417763655
holdout-r3-n-same-006,holdout,3,-1,0,42.95676433257036,0.2454840664658674
holdout-r3-n-same-007,holdout,3,-1,0,64.40020896552082,0.9618976146211188
holdout-r3-n-same-008,holdout,3,-1,0,30.267941711260562,0.2842230174390499
holdout-r3-n-same-009,holdout,3,-1,0,24.22927241973006,0.6288939015588589
holdout-r3-n-same-010,holdout,3,-1,0,63.088380737167334,0.7176386862553725
holdout-r3-n-same-011,holdout,3,-1,0,50.633167499580495,0.5907344031262327
holdout-r3-n-same-012,holdout,3,-1,0,35.00720409443373,0.9114193626734142
holdout-r3-n-same-013,holdout,3,-1,0,40.20011453387774,0.39766184401336035
holdout-r3-n-same-014,holdout,3,-1,0,52.43759851826086,0.3594441399109153
holdout-r3-n-same-015,holdout,3,-1,0,36.33515155498377,0.3527963125035024
holdout-r3-n-same-016,holdout,3,-1,0,34.342094716289765,0.9987181780175264
holdout-r3-n-same-017,holdout,3,-1,0,64.34201920034468,0.7680587843520558
holdout-r3-n-same-018,holdout,3,-1,0,31.62302421264928,0.31935391784589007
holdout-r3-n-same-019,holdout,3,-1,0,28.723003278978474,0.8419825220539979
holdout-r3-n-same-020,holdout,3,-1,0,69.99557053787031,0.7185546805932898
holdout-r3-n-same-021,holdout,3,-1,0,21.893207942657355,0.9370505984157208
holdout-r3-n-same-022,holdout,3,-1,0,42.45366224815615,0.2639947721137397
holdout-r3-n-same-023,holdout,3,-1,0,44.0165564434396,0.9967101117231006
holdout-r3-n-rev-000,holdout,3,-1,1,20.0,0.0
holdout-r3-n-rev-001,holdout,3,-1,1,20.0,1.0
holdout-r3-n-rev-002,holdout,3,-1,1,70.0,0.0
holdout-r3-n-rev-003,holdout,3,-1,1,70.0,1.0
holdout-r3-n-rev-004,holdout,3,-1,1,37.837950272256506,0.9597183755546596
holdout-r3-n-rev-005,holdout,3,-1,1,20.90743492101129,0.189370483107703
holdout-r3-n-rev-006,holdout,3,-1,1,41.29232205842999,0.0030840977106654233
holdout-r3-n-rev-007,holdout,3,-1,1,30.021744089182093,0.6937436162979901
holdout-r3-n-rev-008,holdout,3,-1,1,35.25747481126068,0.6269918218481423
holdout-r3-n-rev-009,holdout,3,-1,1,26.26008965916019,0.7725213409344323
holdout-r3-n-rev-010,holdout,3,-1,1,46.71756972076843,0.6706402348997753
holdout-r3-n-rev-011,holdout,3,-1,1,40.24083506611338,0.42803261818672367
holdout-r3-n-rev-012,holdout,3,-1,1,57.23779480608245,0.21214504973458737
holdout-r3-n-rev-013,holdout,3,-1,1,27.336268487294422,0.20507399180066033
holdout-r3-n-rev-014,holdout,3,-1,1,40.11080380069859,0.26807281257928584
holdout-r3-n-rev-015,holdout,3,-1,1,57.01385666123286,0.0881173503083097
holdout-r3-n-rev-016,holdout,3,-1,1,52.18557375924643,0.7610025532971972
holdout-r3-n-rev-017,holdout,3,-1,1,69.07383247344421,0.5511549448080493
holdout-r3-n-rev-018,holdout,3,-1,1,24.84547017189086,0.6759710020761769
holdout-r3-n-rev-019,holdout,3,-1,1,20.64591973921611,0.09774207545405078
holdout-r3-n-rev-020,holdout,3,-1,1,53.433898838155784,0.08341178757549228
holdout-r3-n-rev-021,holdout,3,-1,1,66.59062890524847,0.921688168870374
holdout-r3-n-rev-022,holdout,3,-1,1,24.569856221766738,0.3119048703395395
holdout-r3-n-rev-023,holdout,3,-1,1,43.553123606539515,0.036600117899689644
holdout-r3-p-same-000,holdout,3,1,0,20.0,0.0
holdout-r3-p-same-001,holdout,3,1,0,20.0,1.0
holdout-r3-p-same-002,holdout,3,1,0,70.0,0.0
holdout-r3-p-same-003,holdout,3,1,0,70.0,1.0
holdout-r3-p-same-004,holdout,3,1,0,66.54241183159141,0.25266611581354614
holdout-r3-p-same-005,holdout,3,1,0,61.80744456384758,0.48459839040861974
holdout-r3-p-same-006,holdout,3,1,0,66.69860565239377,0.21625175493310322
holdout-r3-p-same-007,holdout,3,1,0,56.720671410900195,0.3649653159744405
holdout-r3-p-same-008,holdout,3,1,0,31.63946400229257,0.8102089104646656
holdout-r3-p-same-009,holdout,3,1,0,53.689850551072055,0.8762213397825606
holdout-r3-p-same-010,holdout,3,1,0,65.8432350087814,0.2995954423216258
holdout-r3-p-same-011,holdout,3,1,0,32.74604970019536,0.9034143010454985
holdout-r3-p-same-012,holdout,3,1,0,50.44061077683602,0.5447794123072617
holdout-r3-p-same-013,holdout,3,1,0,68.31063804672701,0.2864984140762119
holdout-r3-p-same-014,holdout,3,1,0,28.69231168891247,0.061819402967803194
holdout-r3-p-same-015,holdout,3,1,0,52.266055076546145,0.30619948625468807
holdout-r3-p-same-016,holdout,3,1,0,62.51642955283136,0.3968199679472717
holdout-r3-p-same-017,holdout,3,1,0,38.67417838360106,0.06043676508050366
holdout-r3-p-same-018,holdout,3,1,0,63.70912638147164,0.0935153466269455
holdout-r3-p-same-019,holdout,3,1,0,68.26732639866879,0.27200019435282996
holdout-r3-p-same-020,holdout,3,1,0,30.679317488381507,0.4868711107252165
holdout-r3-p-same-021,holdout,3,1,0,55.375076330373936,0.08735656305623773
holdout-r3-p-same-022,holdout,3,1,0,68.93834695325019,0.36245165763774556
holdout-r3-p-same-023,holdout,3,1,0,50.334354682156004,0.8015873089429941
holdout-r3-p-rev-000,holdout,3,1,1,20.0,0.0
holdout-r3-p-rev-001,holdout,3,1,1,20.0,1.0
holdout-r3-p-rev-002,holdout,3,1,1,70.0,0.0
holdout-r3-p-rev-003,holdout,3,1,1,70.0,1.0
holdout-r3-p-rev-004,holdout,3,1,1,46.740475019375836,0.5615709060824865
holdout-r3-p-rev-005,holdout,3,1,1,25.99114411109552,0.867677300242969
holdout-r3-p-rev-006,holdout,3,1,1,33.46544521654638,0.9490754320757658
holdout-r3-p-rev-007,holdout,3,1,1,29.498039264813087,0.45028606542855965
holdout-r3-p-rev-008,holdout,3,1,1,56.843265472550115,0.25383259089685817
holdout-r3-p-rev-009,holdout,3,1,1,65.5758627136923,0.8709450484577868
holdout-r3-p-rev-010,holdout,3,1,1,24.580179874711014,0.0747988769674236
holdout-r3-p-rev-011,holdout,3,1,1,52.214696665305794,0.9045791569978264
holdout-r3-p-rev-012,holdout,3,1,1,21.287509588045737,0.36641088985912085
holdout-r3-p-rev-013,holdout,3,1,1,58.63147635146472,0.140925851108472
holdout-r3-p-rev-014,holdout,3,1,1,37.55606584507629,0.2995010515330382
holdout-r3-p-rev-015,holdout,3,1,1,50.22264159308918,0.013795094140261144
holdout-r3-p-rev-016,holdout,3,1,1,22.145228650138225,0.5873199964917339
holdout-r3-p-rev-017,holdout,3,1,1,45.40427519357457,0.7895965384328861
holdout-r3-p-rev-018,holdout,3,1,1,31.292049833088274,0.7444141238331818
holdout-r3-p-rev-019,holdout,3,1,1,45.896633942336024,0.8255862569338076
holdout-r3-p-rev-020,holdout,3,1,1,21.296519969540917,0.351420282489454
holdout-r3-p-rev-021,holdout,3,1,1,39.70707051607913,0.2593201826009509
holdout-r3-p-rev-022,holdout,3,1,1,69.76094330763274,0.9530325949202573
holdout-r3-p-rev-023,holdout,3,1,1,27.536666179259782,0.050715476305475016
